ID,BIRTHDATE,DEATHDATE,SSN,DRIVERS,PASSPORT,PREFIX,FIRST,LAST,SUFFIX,MAIDEN,MARITAL,RACE,ETHNICITY,GENDER,BIRTHPLACE,ADDRESS,CITY,STATE,COUNTY,ZIP,LAT,LON,HEALTHCARE_EXPENSES,HEALTHCARE_COVERAGE,START,STOP,ENCOUNTER,CODE,DESCRIPTION
4051241c-28b8-4409-a903-da0f4593682f,6/6/1971,,999-71-5643,S99989143,X60757569X,Mr.,Tracy345,Skiles927,,,M,white,nonhispanic,M,Marblehead  Massachusetts  US,884 Auer Annex,Uxbridge,Massachusetts,Worcester County,,42.10399442,-71.60337809,1307003.54,4997.12,6/5/1974,,5921ab74-99b6-49c9-a7d3-ad8349070ca8,128613002.0,"Seizure disorder, History of single seizure (situation), Hypertension, Body mass index 30+ - obesity (finding), Cough (finding), Sore throat symptom (finding), Viral sinusitis (disorder)"
09fd99fe-395f-44b8-b03d-188af8193950,10/28/1915,3/3/1990,999-77-6721,S99996606,X31277871X,Mrs.,Londa304,Hessel84,,Weimann465,M,white,nonhispanic,F,Somerville  Massachusetts  US,136 Ratke Manor,Dighton,Massachusetts,Bristol County,,41.81765972,-71.18273423,1416726.1,356060.14,12/21/1933,,e9e9254b-75fb-4c28-8694-4ac7c5d8f076,59621000.0,"Hypertension, Cardiac Arrest, History of cardiac arrest (situation), Prediabetes, Anemia (disorder), Smokes tobacco daily, Atrial Fibrillation, Osteoporosis (disorder), Suspected lung cancer (situation), Non-small cell lung cancer (disorder), Non-small cell carcinoma of lung  TNM stage 1 (disorder)"
95d60708-f6e7-4fc3-a356-6d59856ef6ee,3/26/1959,,999-73-9949,S99912497,X76883574X,Mr.,Leigh689,Lubowitz58,,,M,white,nonhispanic,M,Boston  Massachusetts  US,798 Gislason Green Suite 35,Wakefield,Massachusetts,Middlesex County,1880.0,42.53756166,-71.10288984,1259117.57,8186.52,5/3/1973,,e84d2538-70ed-4b84-9f60-b3bba2db29aa,40055000.0,"Chronic sinusitis (disorder), Prediabetes, Anemia (disorder), Sputum finding (finding), Muscle pain (finding), Joint pain (finding), Chill (finding), Fever (finding)"
67e115bf-1fd3-4cde-ac00-2eb30c21fb08,8/22/2000,,999-88-6112,S99980594,,Mr.,Christian753,Williamson769,,,,white,nonhispanic,M,Chelsea  Massachusetts  US,348 Beier Walk Unit 18,Medford,Massachusetts,Middlesex County,,42.40204749,-71.15136114,470224.81,7369.28,8/29/2002,11/28/2019,2f607765-6ce9-4a23-a7dd-d300d7519ed8,233678006.0,"Childhood asthma, Sore throat symptom (finding), Muscle pain (finding), Joint pain (finding), Fever (finding)"
7aa14972-156e-42f5-8388-4956dd5bb6a8,4/3/1969,,999-83-4435,S99964476,X10469354X,Mr.,Miquel905,Bergstrom287,,,M,white,nonhispanic,M,Rutland  Massachusetts  US,907 Waelchi Meadow,Yarmouth,Massachusetts,Barnstable County,,41.69846053,-70.19125785,159128.47,12807.34,5/28/1987,,b07c150b-1121-4dd5-bc3b-8dafc8aa0cd4,59621000.0,"Hypertension, Body mass index 30+ - obesity (finding), Prediabetes, Anemia (disorder), Passive conjunctival congestion (finding), Nasal congestion (finding), Headache (finding), Sputum finding (finding), Dyspnea (finding), Wheezing (finding), Muscle pain (finding), Joint pain (finding), Chill (finding), Fever (finding), Pneumonia (disorder), Hypoxemia (disorder), Respiratory distress (finding), Acute respiratory failure (disorder)"
a0e0a322-fdb5-4810-8643-7300ad21826a,12/23/1978,,999-46-3971,S99934683,X47947758X,Mrs.,Ginny287,Jacobi462,,Lowe577,M,white,nonhispanic,F,Chicopee  Massachusetts  US,396 Rolfson Rue Suite 45,Topsfield,Massachusetts,Essex County,1983.0,42.61484752,-70.96895139,874657.71,9905.36,10/12/1996,,0deed51b-6ac6-4082-bad4-741b6535dae6,19169002.0,"Miscarriage in first trimester, Tubal pregnancy, Fever (finding), Pneumonia (disorder), Hypoxemia (disorder), Respiratory distress (finding), Acute respiratory failure (disorder), Acute pulmonary embolism (disorder)"
7405088b-ae85-420a-a819-44df3b1d5d5e,9/18/1913,12/25/1941,999-47-5808,S99965672,X23440298X,Mr.,Sean831,Ortiz186,,,M,white,nonhispanic,M,Lowell  Massachusetts  US,660 Witting Wynd Apt 43,New Bedford,Massachusetts,Bristol County,,41.50313818,-70.96233177,721878.08,3388.84,9/21/1922,,c7f72687-1a24-47b0-a0b6-bd7d6f7f3ae6,53741008.0,"Coronary Heart Disease, Body mass index 30+ - obesity (finding), Myocardial Infarction, History of myocardial infarction (situation)"
a1996184-cbbb-4ca5-9634-a18b6f5db518,3/30/1973,,999-24-4798,S99973068,X58162558X,Mr.,Antonio44,de Jesús414,,,M,white,hispanic,M,San Jose  San Jose  CR,581 Hegmann Parade Unit 6,Boston,Massachusetts,Suffolk County,2116.0,42.33565998,-71.09985379,28526.83,0.0,5/24/1991,,8ed11571-c3db-42f0-929c-2a5cfa9d64ef,59621000.0,"Hypertension, Chronic sinusitis (disorder), Body mass index 30+ - obesity (finding), Cardiac Arrest, History of cardiac arrest (situation)"
98a84316-8f0a-45ec-9e92-f7b2c5f5a96e,3/30/1961,,999-77-1694,S99983819,X60733746X,Mr.,Scot349,Roob72,,,M,white,nonhispanic,M,Wilbraham  Massachusetts  US,984 Carter Ville,Freetown,Massachusetts,Bristol County,,41.79856891,-71.02463315,1568579.28,4293.84,6/5/1986,,0db7df06-9396-495f-95be-a41a7aeb47e4,15777000.0,"Prediabetes, Anemia (disorder), Polyp of colon, Recurrent rectal polyp, Cough (finding), Sputum finding (finding), Fatigue (finding), Fever (finding), Loss of taste (finding)"
d3585570-5b3b-4239-8ed0-b52a73713f5c,3/29/1963,,999-88-1846,S99998162,X82291653X,Mr.,Curtis94,Wisoky380,,,M,white,hispanic,M,Gardner  Massachusetts  US,791 Hyatt Brook Suite 91,Whitman,Massachusetts,Plymouth County,,42.09500085,-70.97998572,1462391.83,11628.96,5/22/1981,,138b9a30-8b75-4f9c-bb81-e7fb0f2e51e4,59621000.0,"Hypertension, Body mass index 30+ - obesity (finding), Chronic sinusitis (disorder), Cough (finding), Sputum finding (finding), Dyspnea (finding), Wheezing (finding), Fever (finding), Loss of taste (finding), Pneumonia (disorder), Hypoxemia (disorder), Respiratory distress (finding), Sepsis caused by virus (disorder)"
13d36fe7-adbb-4a40-93dc-5dfa23759de9,1/13/1950,,999-38-6704,S99952650,X64260420X,Mrs.,Cinderella355,Gutmann970,,Berge125,M,asian,nonhispanic,F,Princeton  Massachusetts  US,212 Considine Ville Suite 16,Lowell,Massachusetts,Middlesex County,1852.0,42.65919564,-71.26325685,1343174.99,14522.25,4/9/1971,,0aca19aa-314a-4d35-b926-7893c0529df3,19169002.0,"Miscarriage in first trimester, Tubal pregnancy, Body mass index 30+ - obesity (finding), Hyperlipidemia, Osteoarthritis of knee, Cough (finding), Sore throat symptom (finding), Fatigue (finding), Fever (finding), Loss of taste (finding), Pneumonia (disorder), Hypoxemia (disorder), Respiratory distress (finding), Acute respiratory failure (disorder), Sepsis caused by virus (disorder), Acute pulmonary embolism (disorder)"
450dd494-b5ed-4778-8eb6-6374db6b43d3,10/6/1923,,999-46-3340,S99922613,X71599560X,Mrs.,Leida589,Jast432,,Schiller186,M,white,nonhispanic,F,Falmouth  Massachusetts  US,163 Herman Path,Swampscott,Massachusetts,Essex County,,42.44351402,-70.88602192,1511232.44,25653.91,1/31/1953,,a2a0047c-56c3-4240-b899-43980585a085,230690007.0,"Stroke, Body mass index 30+ - obesity (finding), Coronary Heart Disease, Alzheimer's disease (disorder), Headache (finding), Cough (finding), Sputum finding (finding)"
8067687d-5327-40bf-93b6-646c48df5832,4/26/1987,,999-44-4521,S99995723,X63828027X,Ms.,Leandra549,Rippin620,,,S,white,nonhispanic,F,Foxborough  Massachusetts  US,899 Runolfsson Green,Upton,Massachusetts,Worcester County,,42.17987471,-71.60509515,695955.88,9589.93,5/2/1991,,e67cfab0-40cb-4a78-b67e-c3281b70bb10,446096008.0,"Perennial allergic rhinitis, Hypertension, Cystitis, Normal pregnancy, Cough (finding), Dyspnea (finding), Wheezing (finding), Fever (finding), Loss of taste (finding)"
00f4a103-cb5c-49d4-8553-1d5ae1a4cc26,11/22/1987,,999-86-2753,S99982554,X18936146X,Mrs.,Malvina930,Gulgowski816,,Ratke343,M,white,nonhispanic,F,Sheffield  Massachusetts  US,542 Hermiston Loaf Unit 43,Chelmsford,Massachusetts,Middlesex County,,42.58727714,-71.40006656,695343.26,12094.73,1/15/2006,,44d420b3-9a1f-438d-9443-ae13e0af0a20,15777000.0,"Prediabetes, Anemia (disorder), Hypertension, Miscarriage in first trimester, Headache (finding), Cough (finding), Muscle pain (finding), Joint pain (finding), Chill (finding), Fever (finding)"
746a008c-a90f-480f-b798-7d2443f149e5,2/7/2020,,999-30-4552,,,,Johanne551,Johnston597,,,,white,nonhispanic,F,Weymouth  Massachusetts  US,740 Krajcik Vista Unit 16,Dartmouth,Massachusetts,Bristol County,,41.53364151,-70.93307334,7670.0,446.64,3/10/2020,3/24/2020,d5776652-3182-4b17-9ace-7b4957bfc2d0,25064002.0,"Headache (finding), Cough (finding), Fever (finding)"
37c3c26c-0c53-42e6-b56e-ea523fa7f34e,3/10/1992,,999-80-6250,S99927339,X10292715X,Mrs.,Erminia669,Leannon79,,Kutch271,M,asian,nonhispanic,F,Cantho  Cần Thơ  VN,918 Stamm Fork Suite 30,Taunton,Massachusetts,Bristol County,2718.0,41.93629425,-71.06007934,663968.31,4632.08,3/7/2020,3/20/2020,12150085-8294-4207-aecf-2b82ed900697,49727002.0,"Cough (finding), Dyspnea (finding), Wheezing (finding), Fever (finding), Loss of taste (finding), Pneumonia (disorder), Hypoxemia (disorder), Respiratory distress (finding), Acute respiratory failure (disorder), Acute pulmonary embolism (disorder)"
6523cc3b-59bd-47c6-9e1f-ffd787b17e3c,6/5/2002,,999-89-2256,S99994289,,,Ruthe70,Kautzer186,,,,white,nonhispanic,F,Boston  Massachusetts  US,201 Rogahn Underpass,Quincy,Massachusetts,Norfolk County,,42.2592902,-71.06117158,438828.62,7646.8,6/3/2011,,0c2353b9-0e2d-48d4-b264-2f1811900079,128613002.0,"Seizure disorder, History of single seizure (situation), Child attention deficit disorder"
b176f256-fb2d-4778-9797-945dd662e3f4,10/28/1915,,999-86-4087,S99999199,X53701032X,Mrs.,Mi492,Schmeler639,,Hilpert278,M,white,nonhispanic,F,North Reading  Massachusetts  US,438 Mraz Ranch Suite 78,Dighton,Massachusetts,Bristol County,,41.80089274,-71.15487504,1580818.7,36308.2,12/21/1933,,a1720551-0215-45c9-9828-3779fb9da409,59621000.0,"Hypertension, Body mass index 30+ - obesity (finding), Stroke, Idiopathic atrophic hypothyroidism, Chronic pain, Coronary Heart Disease, Viral sinusitis (disorder), Sputum finding (finding), Fatigue (finding), Dyspnea (finding), Wheezing (finding), Diarrhea symptom (finding), Fever (finding), Loss of taste (finding)"
905f8397-51ba-424f-8c28-f001e028bd46,4/23/2004,,999-70-2102,S99916341,,,Nery414,Bergstrom287,,,,asian,nonhispanic,F,Shanghai  Shanghai Municipality  CN,971 Bergstrom Boulevard,Northborough,Massachusetts,Worcester County,,42.29133841,-71.61923157,6662.15,0.0,4/22/2008,,d25625ba-039e-4047-8cdf-766ecd15710e,128613002.0,"Seizure disorder, History of single seizure (situation), Epilepsy, Coronary Heart Disease, Fatigue (finding), Dyspnea (finding), Wheezing (finding), Chill (finding), Fever (finding), Loss of taste (finding), Pneumonia (disorder), Hypoxemia (disorder), Respiratory distress (finding), Acute deep venous thrombosis (disorder)"
9e74f093-5fb5-4edd-93eb-b7dbd12b4913,11/28/1991,,999-41-5099,S99996086,X52886072X,Mr.,Lanny564,Bergstrom287,,,M,white,nonhispanic,M,Lowell  Massachusetts  US,604 Schmitt Gardens,Quincy,Massachusetts,Norfolk County,2171.0,42.25608957,-70.96760365,689622.4,6551.88,3/4/2020,4/2/2020,578565bd-6ec0-4bbe-bb63-852d2b85bfa6,386661006.0,"Fever (finding), Loss of taste (finding)"
1acc4fdc-0c8d-4f3d-9b60-06ba58696232,10/21/1996,,999-66-4692,S99954133,X11375863X,Ms.,Madelaine318,Blick895,,,,white,nonhispanic,F,Milton  Massachusetts  US,120 Lueilwitz Port,Springfield,Massachusetts,Hampden County,1103.0,42.14945924,-72.54890103,74486.07,4947.92,12/24/2018,,cb9703a5-ad4c-4ba6-b2b2-169c0da0338d,15777000.0,"Prediabetes, Cystitis"
f854d23e-844c-4d70-820d-a9148ce08f17,9/13/1990,,999-68-2971,S99986602,X69353358X,Mrs.,Elnora999,O'Keefe54,,Lehner980,M,white,nonhispanic,F,Bourne  Massachusetts  US,338 O'Conner Common Suite 5,Milford,Massachusetts,Worcester County,,42.18549192,-71.47997764,547992.56,9335.32,2/23/2006,9/28/2006,e1c76c06-ea07-4169-8287-63859160e452,72892002.0,"Normal pregnancy, Hypertension, Normal pregnancy, Normal pregnancy, Normal pregnancy, Normal pregnancy, Normal pregnancy, Anemia (disorder), Antepartum eclampsia, Fatigue (finding), Muscle pain (finding), Joint pain (finding), Fever (finding), Pneumonia (disorder), Hypoxemia (disorder), Respiratory distress (finding), Acute respiratory failure (disorder), Normal pregnancy"
c69e4051-b7bc-4c07-8c13-48bf13e502a8,6/22/1991,,999-61-6835,S99982951,X5379873X,Mr.,Martin117,Rogahn59,,,S,white,nonhispanic,M,Springfield  Massachusetts  US,840 Howell Fork,Middleborough,Massachusetts,Plymouth County,,41.89482986,-70.8731811,768772.08,2738.96,3/9/2020,3/22/2020,40d02698-5605-4ac8-9999-ddac9c1de65c,25064002.0,"Headache (finding), Sore throat symptom (finding), Fever (finding), Pneumonia (disorder), Hypoxemia (disorder), Respiratory distress (finding), Acute deep venous thrombosis (disorder)"
b5d99a35-d8a0-4165-b983-363f66bf0f9f,2/17/1972,,999-15-1714,S99935483,X5896015X,Mr.,King743,Stark857,,,M,asian,nonhispanic,M,Salem  Massachusetts  US,637 Keeling Vale,North Andover,Massachusetts,Essex County,,42.69483701,-71.08056917,1281749.87,3277.24,4/21/1994,,9ba7e50a-649e-489e-aa87-215be06f1be8,15777000.0,"Prediabetes, Anemia (disorder), Appendicitis, History of appendectomy, Cough (finding), Fever (finding), Loss of taste (finding), Chronic pain"
d605825b-7b94-4c99-8e6c-fe5fe17f32d6,7/28/2006,,999-59-4278,,,,Wava789,Reynolds644,,,,white,nonhispanic,F,Cambridge  Massachusetts  US,128 Jast Passage,Haverhill,Massachusetts,Essex County,1832.0,42.7847348,-71.09913002,333075.18,3354.8,2/29/2020,3/30/2020,59285aef-6e29-4b9c-aa0f-930b1fedd6de,267036007.0,"Dyspnea (finding), Wheezing (finding), Muscle pain (finding), Joint pain (finding), Fever (finding), Loss of taste (finding)"
9a5ef4a1-94ba-41c9-aeb3-9711926638a8,6/29/1974,,999-58-4852,S99940758,X24322354X,Mrs.,Aundrea980,Herman763,,Bogisich202,M,black,nonhispanic,F,Fitchburg  Massachusetts  US,1023 Lakin Overpass Unit 93,Waltham,Massachusetts,Middlesex County,2472.0,42.37321771,-71.1936466,940049.24,13693.35,9/22/1977,,739d28c9-e369-427e-9de2-af9932b280fd,40055000.0,"Chronic sinusitis (disorder), Hypertension, Body mass index 30+ - obesity (finding), Miscarriage in first trimester, Osteoarthritis of knee, Headache (finding), Cough (finding), Sputum finding (finding), Fever (finding), Loss of taste (finding)"
dcebc71a-1a1d-4241-9a04-155f7949d561,1/31/1985,,999-85-8264,S99945507,X34012864X,Mrs.,Angeles319,Emard19,,Turcotte120,M,white,nonhispanic,F,Acton  Massachusetts  US,517 Terry Gateway,Brockton,Massachusetts,Plymouth County,2351.0,42.07433189,-71.05192769,726471.03,4320.36,2/26/1998,,4210d587-47b9-4292-89de-431aace1288b,162864005.0,"Body mass index 30+ - obesity (finding), Miscarriage in first trimester, Viral sinusitis (disorder), Prediabetes, Anemia (disorder), Headache (finding), Fatigue (finding), Fever (finding)"
73822aa0-4c25-400b-abc3-06e80b98148e,9/6/1954,3/20/2020,999-80-6461,S99951114,X50366148X,Mr.,Hugh686,Hirthe744,MD,,S,white,nonhispanic,M,Canton  Massachusetts  US,886 Rosenbaum Well Unit 80,Winchester,Massachusetts,Middlesex County,,42.45139931,-71.16930527,1727254.86,5294.6,11/21/1988,,d250e708-a5b4-4b7a-a3fb-35f5294c2abe,162864005.0,"Body mass index 30+ - obesity (finding), Chronic sinusitis (disorder), Seizure disorder, History of single seizure (situation), Epilepsy, First degree burn, Cough (finding), Dyspnea (finding), Wheezing (finding), Fever (finding), Pneumonia (disorder), Hypoxemia (disorder), Respiratory distress (finding), Acute respiratory failure (disorder), Sepsis caused by virus (disorder), Acute pulmonary embolism (disorder), Septic shock (disorder), Heart failure (disorder), Acute respiratory distress syndrome (disorder)"
879171ba-faa8-496d-9dc3-cd873bb22d0b,1/16/1934,5/16/2017,999-24-2680,S99913657,X80789857X,Mr.,Ivan258,Ankunding277,,,M,white,nonhispanic,M,Quincy  Massachusetts  US,865 Little Heights,Hingham,Massachusetts,Plymouth County,,42.21085867,-70.87647468,1785192.04,19943.76,6/22/1995,,95d3cf11-f02e-4649-b3de-49ee43338a90,40055000.0,"Chronic sinusitis (disorder), Hyperlipidemia, Stroke, Alzheimer's disease (disorder), Pneumonia"
32389201-0dd2-45fd-8d87-b29c9efae8e6,11/27/1946,,999-12-9396,S99931612,X6375837X,Mr.,Alphonse92,Hudson301,,,M,black,nonhispanic,M,Westwood  Massachusetts  US,584 Wunsch Harbor,Medford,Massachusetts,Middlesex County,,42.38109945,-71.06185418,1442826.76,24160.57,1/20/1965,,b6234607-97e3-4b20-baf5-d9f629e2bdf3,59621000.0,"Hypertension, Prediabetes, Diabetes, Hypertriglyceridemia (disorder), Anemia (disorder), Metabolic syndrome X (disorder), Diabetic retinopathy associated with type II diabetes mellitus (disorder), Hyperglycemia (disorder), Nonproliferative diabetic retinopathy due to type 2 diabetes mellitus (disorder), Proliferative diabetic retinopathy due to type II diabetes mellitus (disorder), Neuropathy due to type 2 diabetes mellitus (disorder), Cough (finding), Sputum finding (finding), Dyspnea (finding), Wheezing (finding), Muscle pain (finding), Joint pain (finding), Fever (finding)"
2d0089fa-cbfb-40f9-86ab-277208467ece,3/19/2013,,999-98-9024,,,,Treva754,Gutkowski940,,,,white,nonhispanic,F,Methuen  Massachusetts  US,1015 Sporer Underpass,Arlington,Massachusetts,Middlesex County,2474.0,42.44564391,-71.12847873,176781.5,2515.68,3/25/2017,,3eb6ba3b-dd3a-4a34-aace-6d400f24c497,232353008.0,"Perennial allergic rhinitis with seasonal variation, Acute viral pharyngitis (disorder), Sinusitis (disorder), Cough (finding), Fatigue (finding), Nausea (finding), Vomiting symptom (finding), Fever (finding), Loss of taste (finding)"
66862fdc-0733-42d0-8e41-d027fcfff9c3,4/14/2003,,999-23-9790,S99918546,,,Luis923,Zieme486,,,,white,nonhispanic,F,Great Barrington  Massachusetts  US,707 Murazik Mews Unit 97,Sterling,Massachusetts,Worcester County,,42.4143782,-71.75680549,435999.13,3113.12,5/15/2017,,0b33e7a2-8cc8-41ad-a7d9-8fc773fbf33e,162864005.0,"Body mass index 30+ - obesity (finding), Viral sinusitis (disorder), Viral sinusitis (disorder), Cough (finding), Sputum finding (finding), Fatigue (finding), Fever (finding)"
31b8f2ff-bccd-4595-b665-efdcb5a0f41a,3/10/1982,,999-99-9673,S99972618,X28047736X,Mrs.,Laura391,Urías338,,Corrales691,M,white,hispanic,F,Lima  Lima Province  PE,288 Nicolas Trafficway Suite 82,Cambridge,Massachusetts,Middlesex County,2472.0,42.35786201,-71.16321751,891269.18,5107.85,2/3/2009,,655b465b-2f40-4808-9bb6-a245066f6334,196416002.0,"Impacted molars, Chronic sinusitis (disorder), Body mass index 30+ - obesity (finding), Cough (finding), Sputum finding (finding), Fever (finding), Loss of taste (finding), Pneumonia (disorder), Hypoxemia (disorder), Respiratory distress (finding), Sepsis caused by virus (disorder), Acute deep venous thrombosis (disorder), Acute bronchitis (disorder)"
f26eaced-f2fc-43b4-b6cb-1fd44b4bacd9,2/23/1947,,999-68-7989,S99974581,X40569055X,Mr.,Ben667,Kessler503,,,S,white,nonhispanic,M,New Bedford  Massachusetts  US,651 Price Approach Apt 34,Holliston,Massachusetts,Middlesex County,,42.19357736,-71.49316692,1671876.37,10357.27,3/15/1959,,0ad1bf93-6587-4771-80fa-342f67439274,162864005.0,"Body mass index 30+ - obesity (finding), Prediabetes, Anemia (disorder), Hyperlipidemia, Gout, Osteoporosis (disorder), Fracture of forearm, Pathological fracture due to osteoporosis (disorder)"
b88c0627-e039-48e9-b49d-6d95c221e2a1,7/20/1939,,999-18-7548,S99985375,X89120511X,Mrs.,Naida467,Spencer878,,Kuvalis369,M,white,nonhispanic,F,Attleboro  Massachusetts  US,214 Schmeler Parade,Boston,Massachusetts,Suffolk County,2129.0,42.34191027,-71.05261601,261334.6,13139.69,9/24/1964,,3c0ba86c-0465-4221-9d82-6eb751dbcffa,15777000.0,"Prediabetes, Anemia (disorder), Cardiac Arrest, History of cardiac arrest (situation), Localized  primary osteoarthritis of the hand, Chronic sinusitis (disorder), Osteoporosis (disorder), Headache (finding), Cough (finding), Fever (finding)"
04323e04-c4c4-4c52-b9ef-bd401a2938f3,1/18/1975,,999-30-1716,S99916306,X59957408X,Mr.,Rayford811,Wolff180,,,M,white,nonhispanic,M,Winthrop  Massachusetts  US,886 Tillman Crossroad Apt 2,Winchester,Massachusetts,Middlesex County,1890.0,42.46850125,-71.12305898,1097780.5,8089.2,11/23/1990,,420355e4-22ff-4a9b-bdc8-812e481c21e7,40055000.0,"Chronic sinusitis (disorder), Body mass index 30+ - obesity (finding), Cough (finding), Fever (finding), Loss of taste (finding)"
9bb766eb-f10d-4a97-9013-fb0a25c767d9,11/16/1958,,999-80-5851,S99974546,X60687006X,Mr.,Reinaldo138,Hartmann983,,,M,white,nonhispanic,M,Boston  Massachusetts  US,773 Brakus Viaduct Unit 9,Worcester,Massachusetts,Worcester County,1609.0,42.23672655,-71.85502465,1336789.25,6368.95,10/2/1986,,07dd6617-a58b-46f3-988d-c645a741a643,40055000.0,"Chronic sinusitis (disorder), Body mass index 30+ - obesity (finding), Cough (finding), Fatigue (finding), Fever (finding), Loss of taste (finding), Pneumonia (disorder), Hypoxemia (disorder), Respiratory distress (finding), Acute respiratory failure (disorder), Acute deep venous thrombosis (disorder)"
98c0a2e8-46cd-4fa2-81cf-6d37b2f76383,2/8/1970,,999-60-8205,S99949502,X63100829X,Mrs.,Judy192,Bruen238,,Homenick806,M,white,nonhispanic,F,Dracut  Massachusetts  US,313 Fahey Grove Suite 20,Athol,Massachusetts,Worcester County,,42.51616901,-72.21818528,1182678.78,9560.07,9/12/1993,,6ad221a0-1d6b-478e-98e2-1f5793300b07,19169002.0,"Miscarriage in first trimester, Prediabetes, Acute bronchitis (disorder), Cough (finding), Sore throat symptom (finding), Fatigue (finding), Dyspnea (finding), Wheezing (finding), Muscle pain (finding), Joint pain (finding), Fever (finding)"
028dbced-cfcd-4312-b031-fe0ba5bb28c1,1/3/1989,,999-57-2066,S99938776,X80865088X,Mr.,Malcolm243,O'Hara248,,,M,black,nonhispanic,M,Quincy  Massachusetts  US,263 Wisozk Rapid,Boston,Massachusetts,Suffolk County,2119.0,42.36044302,-71.05184295,687012.9,13675.97,3/9/2020,4/3/2020,482cb05d-c21d-49e4-bff6-3d261edf5e14,386661006.0,Fever (finding)
8cb4b12a-fecd-4faf-800c-527b77aaefb4,6/9/1971,,999-50-7675,S99977811,X77111974X,Mrs.,Lynn917,Schowalter414,,Borer986,M,black,nonhispanic,F,Harwich  Massachusetts  US,454 Gorczany Mission,Melrose,Massachusetts,Middlesex County,2176.0,42.50217131,-71.01746789,1181860.71,8791.6,6/15/1974,,9d7f5412-dc12-490a-970f-3ffd6f0d1865,446096008.0,"Perennial allergic rhinitis, Body mass index 30+ - obesity (finding), Prediabetes, Anemia (disorder), Fever (finding), Loss of taste (finding), Pneumonia (disorder), Hypoxemia (disorder), Respiratory distress (finding), Sepsis caused by virus (disorder)"
cc7f01fb-b4dd-442b-bbf0-2de854328c8b,6/6/1951,,999-98-3353,S99967205,X76673724X,Mrs.,Danyelle408,Wunsch504,,Will178,M,white,nonhispanic,F,Norwood  Massachusetts  US,561 Pfannerstill Mall Apt 2,Billerica,Massachusetts,Middlesex County,,42.56354768,-71.2503401,1557748.35,11016.71,6/4/1960,,f5342e7e-509e-4534-8354-c4f2455d85a5,74400008.0,"Appendicitis, History of appendectomy, Body mass index 30+ - obesity (finding), Hypertension, Cough (finding), Fatigue (finding), Dyspnea (finding), Wheezing (finding), Fever (finding), Loss of taste (finding), Pneumonia (disorder), Hypoxemia (disorder), Respiratory distress (finding), Acute pulmonary embolism (disorder), Acute viral pharyngitis (disorder)"
aea7a90d-90ca-4800-9c52-497dd0e3716f,2/16/1960,,999-45-2856,S99952445,X74279086X,Mrs.,Rochelle550,Jacobs452,,Quigley282,M,white,nonhispanic,F,Peabody  Massachusetts  US,861 Kautzer Meadow Suite 1,Barnstable,Massachusetts,Barnstable County,2648.0,41.71526205,-70.37387139,176471.97,20967.99,4/11/1978,,4fa902cc-2d7b-42b1-b862-e4c21bd0453b,59621000.0,"Hypertension, Cardiac Arrest, History of cardiac arrest (situation), Diabetes, Anemia (disorder), Hypertriglyceridemia (disorder), Metabolic syndrome X (disorder), Chronic kidney disease stage 1 (disorder), Diabetic renal disease (disorder), Neuropathy due to type 2 diabetes mellitus (disorder), Smokes tobacco daily, Hyperlipidemia, Familial Alzheimer's disease of early onset (disorder), Cough (finding), Fatigue (finding), Fever (finding)"
2b4d5724-63ae-42e7-9743-0da6e038ad2f,11/26/1978,,999-37-4092,S99931464,X14415769X,Mrs.,Cassidy160,Wiza601,,Emmerich580,M,white,nonhispanic,F,Boston  Massachusetts  US,111 Jaskolski Vale Unit 12,Easton,Massachusetts,Bristol County,,42.05781479,-71.07728898,958444.61,6118.56,2/27/2003,,b9b3dc5d-9bb6-4fba-b484-61f40b796fd1,40055000.0,"Chronic sinusitis (disorder), Body mass index 30+ - obesity (finding), Viral sinusitis (disorder), Normal pregnancy, Miscarriage in first trimester, Fetus with unknown complication, Headache (finding), Cough (finding), Fatigue (finding), Diarrhea symptom (finding), Fever (finding)"
87376988-45ba-42a5-ac26-21897efea34b,10/27/1946,,999-90-6693,S99995694,X46409108X,Mrs.,Dorene845,Botsford977,,Botsford977,M,white,nonhispanic,F,Tyngsborough  Massachusetts  US,648 Predovic Annex Unit 57,Springfield,Massachusetts,Hampden County,1103.0,42.1633104,-72.51750226,1553149.46,12226.37,12/29/1968,,7b98e74d-df02-4428-93fb-298a3fc214e2,162864005.0,"Body mass index 30+ - obesity (finding), Prediabetes, Hyperlipidemia, Osteoarthritis of knee, Osteoporosis (disorder), Sputum finding (finding), Loss of taste (finding)"
2c35f36e-87bf-42ed-a16c-f274c65996f2,12/11/1986,,999-24-8170,S99979893,X83034055X,Mrs.,Jannie509,Funk324,,Wehner319,M,white,nonhispanic,F,Beverly  Massachusetts  US,565 Cassin Manor,Revere,Massachusetts,Suffolk County,2151.0,42.42169645,-70.96355518,33924.8,4347.92,5/17/2007,12/20/2007,150aa2e6-3636-4e1c-b751-44164192e696,72892002.0,"Normal pregnancy, Normal pregnancy, Normal pregnancy, Normal pregnancy, Normal pregnancy, Diabetes, Normal pregnancy, Normal pregnancy, Hypertriglyceridemia (disorder), Metabolic syndrome X (disorder), Anemia (disorder), Normal pregnancy, Miscarriage in first trimester, Normal pregnancy, Tubal pregnancy, Fever (finding), Loss of taste (finding)"
0d6342b2-4cd4-466c-b5bb-3e7acde378a2,10/17/1966,,999-19-3698,S99925405,X15261160X,Mrs.,Concha418,Renner328,,Dibbert990,M,black,nonhispanic,F,Wrentham  Massachusetts  US,387 Weissnat Route,Winthrop,Massachusetts,Suffolk County,2128.0,42.38098477,-71.01772174,1141638.45,11846.55,1/1/2001,,cd0cf2ee-916a-43e7-a50f-a844fc8d5199,162864005.0,"Body mass index 30+ - obesity (finding), Osteoarthritis of knee, Prediabetes, Anemia (disorder), Cough (finding), Fatigue (finding), Hemoptysis (finding), Fever (finding), Pneumonia (disorder), Hypoxemia (disorder), Respiratory distress (finding), Sepsis caused by virus (disorder), Viral sinusitis (disorder)"
edc4fe97-3164-4762-9f7a-0bba89a94888,5/12/1971,,999-40-8284,S99970176,X17504488X,Ms.,Tana168,Bechtelar572,,,S,white,nonhispanic,F,Greenfield  Massachusetts  US,302 Kirlin Highlands,Lunenburg,Massachusetts,Worcester County,,42.56149882,-71.68665526,1169383.83,6854.6,6/29/2005,,264777d6-205f-4030-8fbf-2cd626611a6a,19169002.0,"Miscarriage in first trimester, Body mass index 30+ - obesity (finding), Osteoarthritis of knee, Headache (finding), Cough (finding), Sore throat symptom (finding), Fever (finding)"
d32752ad-97c0-43f1-99e9-5a13f44becdf,10/10/1980,,999-31-5891,S99919010,X26242620X,Ms.,Marsha122,Bruen238,,,S,white,nonhispanic,F,Hopedale  Massachusetts  US,619 Mills Haven Suite 61,Malden,Massachusetts,Middlesex County,,42.37518769,-71.12516214,807079.8,12938.32,12/3/1998,,483c2bd2-e868-420a-b5c1-78f53e2ebbc3,59621000.0,"Hypertension, Headache (finding), Sputum finding (finding), Dyspnea (finding), Wheezing (finding), Fever (finding), Loss of taste (finding), Pneumonia (disorder), Hypoxemia (disorder), Respiratory distress (finding), Acute deep venous thrombosis (disorder)"
3280ac94-0d3e-49f9-a644-6758736abf70,12/24/2014,,999-12-8628,,,,Walton167,Bruen238,,,,black,nonhispanic,M,Lowell  Massachusetts  US,984 Towne Alley,Winthrop,Massachusetts,Suffolk County,2128.0,42.4162065,-70.96598396,112417.66,1857.4,3/15/2020,4/4/2020,82742a17-605f-4a65-9717-39a9a21014e2,49727002.0,"Cough (finding), Dyspnea (finding), Wheezing (finding), Fever (finding), Loss of taste (finding)"
00c815b6-cd62-411e-9c91-0d8aef38bff7,8/3/1983,,999-27-2761,S99915207,X76495801X,Mrs.,Larisa542,Gaylord332,,McGlynn426,M,white,nonhispanic,F,Leominster  Massachusetts  US,952 Grant Trailer,Boston,Massachusetts,Suffolk County,2109.0,42.25829172,-71.11176911,73051.1,3369.39,8/9/1986,,133a98f4-414c-422f-8e35-b4f5ba4cda67,232353008.0,"Perennial allergic rhinitis with seasonal variation, Hypertension, Recurrent urinary tract infection, Miscarriage in first trimester, Prediabetes, Acute bronchitis (disorder), Cough (finding), Fever (finding), Loss of taste (finding)"
93100d86-9253-4278-a0d4-b03c491645b3,6/23/1984,,999-82-4155,S99961488,X11101516X,Ms.,Inocencia535,Kihn564,,,S,white,nonhispanic,F,Haverhill  Massachusetts  US,402 Funk Key Suite 86,Malden,Massachusetts,Middlesex County,2155.0,42.45447494,-71.06572309,778640.08,17700.46,10/13/2012,,a51e1b62-7530-48b7-b343-8c46840f72a8,15777000.0,"Prediabetes, Anemia (disorder), Normal pregnancy, Cough (finding), Sputum finding (finding), Muscle pain (finding), Joint pain (finding), Fever (finding), Pneumonia (disorder), Hypoxemia (disorder), Respiratory distress (finding), Sepsis caused by virus (disorder), Acute deep venous thrombosis (disorder)"
97c6b03a-63e6-4d6f-8b0e-70190d91bf45,11/27/2013,,999-56-9069,,,,Ligia986,Waelchi213,,,,white,nonhispanic,F,Malden  Massachusetts  US,169 Gutmann Skyway Suite 63,Billerica,Massachusetts,Middlesex County,,42.52268141,-71.28304783,164065.94,2214.04,1/21/2020,2/4/2020,a96a41eb-23f3-426c-817d-b4617cef60c7,10509002.0,"Acute bronchitis (disorder), Cough (finding), Sputum finding (finding), Diarrhea symptom (finding), Fever (finding)"
08f58d38-50f0-46be-988a-42f727eec47f,11/9/1967,4/20/1995,999-20-1362,S99924101,X81597057X,Mr.,Toney527,Mante251,,,S,asian,nonhispanic,M,Shanghai  Shanghai Municipality  CN,525 Fritsch Vale Apt 62,Concord,Massachusetts,Middlesex County,,42.50595476,-71.35502673,571108.71,5358.44,11/7/1973,,e03d1dd8-7ef6-49fa-9417-353e2d6ff3cb,128613002.0,"Seizure disorder, History of single seizure (situation), Chronic sinusitis (disorder), Brain damage - traumatic, Viral sinusitis (disorder), Myocardial Infarction, History of myocardial infarction (situation)"
b3741621-2509-4f7d-bc81-472d4ad828ce,11/11/2001,,999-45-1851,S99949924,,Ms.,Tamika537,Roob72,,,,white,nonhispanic,F,Gloucester  Massachusetts  US,926 Keebler Lane,Easton,Massachusetts,Bristol County,,42.06353286,-71.10811952,61372.54,8255.97,11/17/2004,,4e2d1c4c-83e3-4b8e-8cab-43d4dee77fca,367498001.0,"Seasonal allergic rhinitis, Viral sinusitis (disorder), Viral sinusitis (disorder), Sputum finding (finding)"
f8af9869-952d-4e92-a686-b15ee6188964,7/18/2006,,999-20-1853,,,,Hertha832,Bashirian201,,,,white,nonhispanic,F,New Bedford  Massachusetts  US,814 Mayert Drive,Fall River,Massachusetts,Bristol County,,41.70968377,-71.12144144,302875.34,3166.48,2/27/2020,3/12/2020,3bd4de79-2abd-49c3-9d0a-a006883b42b4,49727002.0,"Cough (finding), Fatigue (finding), Fever (finding), Loss of taste (finding)"
3c1ef58e-3eeb-4d2f-b927-4034ce0c66bf,10/12/1991,,999-41-4216,S99976749,X53635170X,Mr.,Doug189,Hoppe518,,,M,white,nonhispanic,M,Middleborough  Massachusetts  US,206 Stoltenberg Trace Apt 47,East Longmeadow,Massachusetts,Hampden County,,42.06234462,-72.52523779,727571.86,4228.84,12/5/2009,,e118ed84-1f36-4661-9964-1ec4326bd0ae,59621000.0,"Hypertension, Body mass index 30+ - obesity (finding)"
4cb0dfad-cf2e-44e1-a591-96dcca48dcc4,2/17/1960,,999-92-5264,S99938342,X81704393X,Mr.,Jordon466,Harber290,,,M,black,nonhispanic,M,Attleboro  Massachusetts  US,1051 Renner Arcade Suite 3,Middleton,Massachusetts,Essex County,,42.64916078,-70.96739112,185761.36,7369.29,4/6/1977,,239ec233-2efd-43b2-80ab-df43d6173f66,162864005.0,"Body mass index 30+ - obesity (finding), Osteoarthritis of knee, Chronic sinusitis (disorder), Prediabetes, Anemia (disorder), Rupture of appendix, Appendicitis, History of appendectomy, Hyperlipidemia, Cough (finding), Chill (finding), Fever (finding), Loss of taste (finding)"
d3e081f9-d808-4f1d-b5b8-82aa4303ad98,4/22/1950,,999-11-8187,S99925440,X80322937X,Mr.,Delbert384,Mills423,,,M,white,nonhispanic,M,Norwood  Massachusetts  US,876 Bartoletti Rapid,Templeton,Massachusetts,Worcester County,,42.59827215,-72.05528558,1674545.81,11272.19,7/11/1987,,1c03bd5d-4d9b-48a1-aa9a-8594ab597bcc,162864005.0,"Body mass index 30+ - obesity (finding), Diabetes, Anemia (disorder), Hyperglycemia (disorder), Hypertriglyceridemia (disorder), Metabolic syndrome X (disorder), Prediabetes, Hyperlipidemia, Neuropathy due to type 2 diabetes mellitus (disorder), Cough (finding), Fever (finding), Loss of taste (finding)"
3bdec649-2824-4e56-a38f-30c4514a760f,8/23/1945,,999-99-7419,S99914956,X20706989X,Mrs.,Toni630,Schiller186,,Buckridge80,M,white,nonhispanic,F,Wayland  Massachusetts  US,771 Schumm Hollow Unit 42,Easton,Massachusetts,Bristol County,,42.00962272,-71.14509217,1702493.86,11549.59,10/5/1961,,bfee8448-821f-4cc8-bd42-28ab42ead450,162864005.0,"Body mass index 30+ - obesity (finding), Hypertension, Prediabetes, Anemia (disorder), Miscarriage in first trimester, Fatigue (finding), Dyspnea (finding), Wheezing (finding), Nausea (finding), Vomiting symptom (finding), Muscle pain (finding), Joint pain (finding), Fever (finding)"
9de374b1-d8c7-4c57-aa5a-c380ffbd9141,7/6/1969,,999-53-3639,S99997677,X53221650X,Ms.,Sonja137,Dibbert990,,,S,white,nonhispanic,F,Agawam  Massachusetts  US,978 Kuvalis Gate Apt 0,Leominster,Massachusetts,Worcester County,1420.0,42.56770398,-71.78632371,107308.18,6665.59,8/30/1987,,d8f998d8-0c85-42e0-9acc-cb01b8007b62,59621000.0,"Hypertension, Chronic intractable migraine without aura, Chronic pain, Impacted molars, Miscarriage in first trimester, Drug overdose, Cough (finding), Sputum finding (finding), Fatigue (finding), Muscle pain (finding), Joint pain (finding), Fever (finding), Loss of taste (finding), Pneumonia (disorder), Hypoxemia (disorder), Respiratory distress (finding)"
f0dc764b-5fc4-463a-b8bc-e4dbe5b3452e,12/9/1973,,999-24-6881,S99990483,X33909078X,Mr.,Gino587,Orn563,,,M,white,nonhispanic,M,Quincy  Massachusetts  US,780 Frami View Suite 42,Framingham,Massachusetts,Middlesex County,1702.0,42.23628328,-71.39600467,1182012.59,4302.12,2/2/1992,,a7be052c-6759-414f-b2ae-c938aa85bb82,162864005.0,"Body mass index 30+ - obesity (finding), Stroke, Cough (finding), Sore throat symptom (finding), Fever (finding)"
6f0c1c9e-6d94-4fc9-ad1c-a4b91317375d,3/14/1964,,999-97-1986,S99980225,X73080920X,Mr.,Wilbur107,Bechtelar572,,,M,white,nonhispanic,M,Andover  Massachusetts  US,703 Stroman Forge,Boston,Massachusetts,Suffolk County,2203.0,42.25939103,-71.08220005,1221633.3,6256.32,5/30/1998,,243a0a5c-5a7c-41e7-8dd7-ed8c240d23bb,87433001.0,"Pulmonary emphysema (disorder), Body mass index 30+ - obesity (finding), Bullet wound, Cough (finding), Sputum finding (finding), Fever (finding)"
9a1be78b-9a37-4e41-884f-2478f9b05784,1/9/1940,,999-55-4069,S99912891,X3812190X,Mr.,Robt687,Hilll811,,,M,white,nonhispanic,M,Hingham  Massachusetts  US,696 Quitzon Harbor Unit 61,Plymouth,Massachusetts,Plymouth County,2360.0,41.9153421,-70.60714885,1635712.95,20912.63,3/4/1958,,f1f5dddb-5ed4-4d49-91de-9b5b27d576e1,59621000.0,"Hypertension, Prediabetes, Anemia (disorder), Chronic sinusitis (disorder), Coronary Heart Disease, Hyperlipidemia, Acute viral pharyngitis (disorder), Osteoporosis (disorder), Sore throat symptom (finding), Muscle pain (finding), Joint pain (finding), Chill (finding), Fever (finding)"
19b89b56-f9de-41eb-8ea3-954802673a15,2/9/2013,,999-68-3487,,,,Truman805,Hirthe744,,,,white,nonhispanic,M,Ware  Massachusetts  US,1099 Lindgren Fork,Taunton,Massachusetts,Bristol County,2780.0,41.86745309,-71.00664081,158678.95,2229.04,3/4/2020,3/23/2020,16e4d68f-28fc-4570-9935-228a743f0154,25064002.0,"Headache (finding), Cough (finding), Dyspnea (finding), Wheezing (finding), Fever (finding), Loss of taste (finding)"
d6fd46db-6c00-4a60-a16b-5922d182313c,9/17/2007,,999-40-2307,,,,María Luisa888,Hernandes724,,,,native,hispanic,F,Carolina  Puerto Rico  PR,266 Beahan Passage Apt 69,Chicopee,Massachusetts,Hampden County,1020.0,42.22086161,-72.55852128,309393.33,3418.12,3/8/2020,4/11/2020,22743e39-77ea-4a75-afd3-73efb306ca44,49727002.0,"Cough (finding), Fever (finding), Loss of taste (finding)"
de596746-2f8d-44c9-990d-7b019600a5c2,10/21/1996,,999-87-5205,S99948976,X80494244X,Mr.,Lawrence741,Heathcote539,,,,white,nonhispanic,M,Sudbury  Massachusetts  US,1006 Robel Path,Orange,Massachusetts,Franklin County,1364.0,42.56024566,-72.27598535,544056.17,3373.04,6/2/2005,,2846ed73-f20b-4695-8546-30d752c1519a,40055000.0,"Chronic sinusitis (disorder), Nasal congestion (finding), Cough (finding), Fatigue (finding), Fever (finding)"
b2403768-802c-4bf3-b225-ced14784c33e,10/4/1922,3/11/1988,999-88-9204,S99926740,X40959294X,Mr.,Haywood675,Grady603,,,M,white,nonhispanic,M,Manchester-by-the-Sea  Massachusetts  US,490 Schamberger Brook,Needham,Massachusetts,Norfolk County,2494.0,42.27684145,-71.26901903,1568212.9,6184.36,2/23/1938,,c641cc8e-2cbf-49ad-86b7-07c0010ecc45,162864005.0,"Body mass index 30+ - obesity (finding), Idiopathic atrophic hypothyroidism, Neoplasm of prostate, Carcinoma in situ of prostate (disorder), Metastasis from malignant tumor of prostate (disorder)"
dd3f733e-0522-4460-bdc3-3c01255f1990,2/25/2014,,999-75-3574,,,,Dudley365,Wolf938,,,,white,nonhispanic,M,Sudbury  Massachusetts  US,158 Aufderhar Lock,Kingston,Massachusetts,Plymouth County,2364.0,42.03416973,-70.72721449,145393.22,2351.52,2/8/2019,2/22/2019,f84806d2-7fd5-406e-829d-bdbb65bf1fb4,444814009.0,"Viral sinusitis (disorder), Viral sinusitis (disorder)"
46738491-45b1-4d71-9f87-1eeef33b56b4,11/25/1987,,999-89-8026,S99924129,X38800375X,Mr.,Christian753,Hahn503,JD,,S,white,nonhispanic,M,Holden  Massachusetts  US,419 Crooks Rest,Boston,Massachusetts,Suffolk County,2122.0,42.35784796,-71.14881308,744783.65,3082.2,2/25/2020,3/9/2020,5c4c8d21-3bc6-40e0-b8d7-36fbbde48d4d,267036007.0,"Dyspnea (finding), Wheezing (finding), Fever (finding), Pneumonia (disorder), Hypoxemia (disorder), Respiratory distress (finding), Acute respiratory failure (disorder), Sepsis caused by virus (disorder), Acute pulmonary embolism (disorder)"
f88c90ba-1c8d-4adc-93cd-cf17a3569c97,1/30/1991,,999-29-3349,S99949577,X18315963X,Mrs.,Tonisha838,Kshlerin58,,Hegmann834,M,white,nonhispanic,F,Dover  Massachusetts  US,578 Legros Terrace Suite 33,North Attleborough,Massachusetts,Bristol County,,41.98033153,-71.36742155,590801.51,4462.08,3/25/2009,,04a4f864-2274-4190-9acf-9606a21e7c5e,59621000.0,"Hypertension, Normal pregnancy, Antepartum eclampsia, Fatigue (finding)"
e6d92fc4-3304-468b-9579-ecf44472da02,11/16/1998,,999-16-3696,S99999717,X49525859X,Mr.,Garry927,Kovacek682,,,,white,nonhispanic,M,Springfield  Massachusetts  US,974 Dicki Corner Suite 27,Newton,Massachusetts,Middlesex County,2460.0,42.34673497,-71.17848739,496092.56,2910.6,11/19/2007,,b731d4c8-1b69-4467-abd4-ed41bf84acfb,162864005.0,Body mass index 30+ - obesity (finding)
0ba1cad0-ccfc-4600-a1e7-348467686b75,7/5/1937,1/19/1994,999-38-9762,S99931852,X66260684X,Mr.,Earnest658,Kutch271,,,M,white,nonhispanic,M,Pepperell  Massachusetts  US,1065 Wuckert Course,Whitman,Massachusetts,Plymouth County,,42.08482757,-70.97927584,162733.27,38676.79,9/10/1962,,5e4eb62f-c5ee-439c-a264-0c9ccc0e527b,44054006.0,"Diabetes, Anemia (disorder), Hypertension, Hypertriglyceridemia (disorder), Metabolic syndrome X (disorder), Neuropathy due to type 2 diabetes mellitus (disorder), Chronic kidney disease stage 2 (disorder), Diabetic renal disease (disorder), Microalbuminuria due to type 2 diabetes mellitus (disorder), Polyp of colon, Chronic intractable migraine without aura, Chronic pain, Chronic congestive heart failure (disorder), Drug overdose, Impacted molars, Polyp of colon"
388f5212-4410-4c37-a0f1-7176844c1278,9/8/1969,,999-76-8483,S99969477,X68566096X,Mrs.,Mazie442,Kris249,,Will178,M,white,nonhispanic,F,Boston  Massachusetts  US,434 Kub Common,Boston,Massachusetts,Suffolk County,2199.0,42.27240636,-71.06600854,763226.03,11304.74,11/2/1987,,7985e85f-7247-49bb-90a1-c817249ea884,59621000.0,"Hypertension, Prediabetes, Anemia (disorder), Headache (finding), Cough (finding), Sore throat symptom (finding), Fever (finding), Loss of taste (finding), Viral sinusitis (disorder)"
24717b10-4501-40f5-93ba-f0f2019ebc2f,6/16/1962,,999-96-2670,S99975281,X3010982X,Mrs.,Ashely524,Rodriguez71,,Anderson154,M,black,nonhispanic,F,Everett  Massachusetts  US,373 Halvorson Drive Apt 79,Yarmouth,Massachusetts,Barnstable County,,41.72003738,-70.18235385,1272375.02,10198.39,12/14/1970,,cc887872-3376-4ad1-8107-dcd66f4182e1,40055000.0,"Chronic sinusitis (disorder), Cardiac Arrest, History of cardiac arrest (situation), Hypertension, Miscarriage in first trimester, Prediabetes, Chronic pain, Atrial Fibrillation"
85d287d2-32d8-45d7-a0fb-8d95028187c1,4/4/1988,,999-22-6097,S99951630,X55300380X,Mr.,Stanford577,Considine820,,,M,asian,nonhispanic,M,Cambridge  Massachusetts  US,691 Kunde Path Suite 39,Southbridge,Massachusetts,Worcester County,1550.0,42.10129106,-71.98392662,806510.15,5320.06,5/13/1991,,5944344b-dd12-4c9b-a145-4cd9af81e0d2,40055000.0,"Chronic sinusitis (disorder), Impacted molars, Chronic pain, Chronic intractable migraine without aura, Prediabetes, Anemia (disorder), Drug overdose, Cough (finding), Muscle pain (finding), Joint pain (finding), Fever (finding)"
ee53d667-f60d-43bb-ba8d-929d35906a97,12/24/1945,7/16/2018,999-14-7242,S99944700,X45058012X,Mrs.,Julene165,Greenfelder433,,Purdy2,M,white,nonhispanic,F,Methuen  Massachusetts  US,373 D'Amore Estate Apt 88,Upton,Massachusetts,Worcester County,,42.22293545,-71.60586449,1524162.65,18721.44,2/17/1964,,6273c0ab-cbce-4170-94e2-499c6a967ad2,59621000.0,"Hypertension, Body mass index 30+ - obesity (finding), Prediabetes, Anemia (disorder), Chronic congestive heart failure (disorder)"
284d0cbf-00d4-4a7a-aad7-694d1fab24b5,7/9/2012,,999-91-2648,,,,Joella167,West559,,,,white,nonhispanic,F,Maynard  Massachusetts  US,685 Nolan Wynd Suite 61,Gardner,Massachusetts,Worcester County,1440.0,42.58844473,-72.03000496,211329.16,2066.56,3/5/2020,4/8/2020,a0cdc627-a02d-49ac-a1aa-3bc9470d1c82,49727002.0,"Cough (finding), Fever (finding), Loss of taste (finding)"
a9dcd794-43c4-45aa-9083-cbf3339594d4,1/22/1971,,999-89-6803,S99928554,X37729499X,Mrs.,Joie561,Kemmer137,,Tremblay80,M,white,hispanic,F,Watertown  Massachusetts  US,131 Treutel Camp Unit 49,Boston,Massachusetts,Suffolk County,2120.0,42.36846332,-70.93345964,1144251.94,11060.04,6/15/1982,,9f31c6f5-1b57-45f8-b2ec-e34962d097d0,275272006.0,"Brain damage - traumatic, Prediabetes, Diabetes, Anemia (disorder), Hypertriglyceridemia (disorder), Hyperglycemia (disorder), Metabolic syndrome X (disorder), Cough (finding), Fatigue (finding), Dyspnea (finding), Wheezing (finding), Fever (finding), Acute bronchitis (disorder)"
35b921d8-393d-4201-ac27-bf679fd2c120,6/9/1994,,999-77-4816,S99954816,X46709614X,Mr.,Lance203,Kirlin939,,,,white,nonhispanic,M,Medway  Massachusetts  US,145 Bins Route,Hancock,Massachusetts,Berkshire County,,42.50035132,-73.35259984,563857.86,2862.24,3/8/2020,,943fbeda-d9a4-407b-a7fe-901434436ed8,49727002.0,"Cough (finding), Fatigue (finding), Muscle pain (finding), Joint pain (finding), Fever (finding), Loss of taste (finding)"
183d209e-f1ab-480e-a0a4-f22826039b4a,8/19/2013,,999-29-4677,,,,Douglas31,Dietrich576,,,,black,nonhispanic,M,East Bridgewater  Massachusetts  US,128 Simonis Walk,Natick,Massachusetts,Middlesex County,,42.2990927,-71.36943767,166216.56,2129.88,3/7/2020,3/27/2020,72d3c455-6d5a-4b0e-abee-5d5002d069a3,248595008.0,"Sputum finding (finding), Diarrhea symptom (finding)"
5f566bb3-c7b1-4b96-88c4-10f48723c718,6/24/1962,,999-88-7841,S99957559,X65118494X,Mr.,Freddy176,Johns824,,,S,asian,nonhispanic,M,Falmouth  Massachusetts  US,472 Schmitt Ferry Apt 2,Belmont,Massachusetts,Middlesex County,2472.0,42.37984149,-71.14795977,1256071.1,5225.02,11/9/1997,,fc3ee59a-9931-4d4a-ba21-406267a9a530,15777000.0,"Prediabetes, Anemia (disorder), Chill (finding), Fever (finding), Loss of taste (finding)"
10d90399-05b1-4d4a-ac56-1dcead30760d,8/13/1956,,999-47-7099,S99942630,X88041470X,Ms.,Denese626,Marks830,,,S,white,nonhispanic,F,Agawam  Massachusetts  US,506 West Tunnel Unit 65,Natick,Massachusetts,Middlesex County,,42.27416356,-71.35522368,1338250.28,14396.96,12/10/1979,,517047b1-8013-440b-aa43-2c01906c1586,19169002.0,"Miscarriage in first trimester, Body mass index 30+ - obesity (finding), Osteoporosis (disorder), Acute bacterial sinusitis (disorder), Cough (finding), Fatigue (finding), Diarrhea symptom (finding), Fever (finding), Loss of taste (finding), Pneumonia (disorder), Hypoxemia (disorder), Respiratory distress (finding), Sepsis caused by virus (disorder)"
e39a13ac-cac9-4c25-b107-d5dc49fb7a38,7/23/1927,8/6/2000,999-94-5710,S99975460,X72578165X,Mrs.,Dot905,Bartoletti50,,Koelpin146,M,white,nonhispanic,F,Longmeadow  Massachusetts  US,280 Leannon Loaf,Worcester,Massachusetts,Worcester County,1610.0,42.26426815,-71.66892495,1574370.14,15642.48,7/13/1965,,5218dccf-5f39-498d-ab98-5766573cf782,239873007.0,"Osteoarthritis of knee, Prediabetes, Anemia (disorder), Primary fibromyalgia syndrome, Idiopathic atrophic hypothyroidism, Hyperlipidemia, Chronic congestive heart failure (disorder), Acute viral pharyngitis (disorder)"
03e161af-f3af-41e4-872e-360e7aa7b1dd,1/29/1948,8/13/2008,999-83-2409,S99933985,X53584511X,Mr.,Sergio619,Kovacek682,,,M,asian,nonhispanic,M,Malden  Massachusetts  US,933 Wilkinson Grove Apt 89,Somerville,Massachusetts,Middlesex County,2143.0,42.42887346,-71.16458887,1474163.95,6802.64,3/24/1966,,4c98e0c6-3aae-469e-bdc9-caf1c59b28b0,59621000.0,"Hypertension, Prediabetes, Chronic sinusitis (disorder), Chronic congestive heart failure (disorder)"
f84fa963-bb1e-4887-ac5f-d804c4d86bfb,5/25/1998,,999-74-6834,S99957709,X23480394X,Ms.,Iluminada398,Emmerich580,,,,white,hispanic,F,Auburn  Massachusetts  US,817 Olson Ramp,Boston,Massachusetts,Suffolk County,2118.0,42.36535184,-71.01420188,464005.6,3762.22,3/14/2020,3/27/2020,b2d4ee20-b687-4f32-932d-0afc0c8b7cca,49727002.0,"Cough (finding), Sputum finding (finding), Fatigue (finding), Loss of taste (finding), Pneumonia (disorder), Hypoxemia (disorder), Respiratory distress (finding), Acute respiratory failure (disorder), Acute pulmonary embolism (disorder)"
5681baf3-a788-4f6a-9510-02cd439491c3,1/1/2000,,999-96-5766,S99988080,X37215348X,Mr.,Luigi346,Lueilwitz711,,,,white,hispanic,M,Medford  Massachusetts  US,161 Padberg Branch Apt 7,Natick,Massachusetts,Middlesex County,,42.26974007,-71.34882261,63026.52,3546.4,2/21/2020,3/24/2020,d8e773ea-c068-495d-a1c6-59db3668d7b6,49727002.0,"Cough (finding), Fever (finding), Loss of taste (finding)"
ed13ebaa-a2fd-49b7-aec8-867e051e2451,3/17/1950,,999-66-9274,S99990749,X21190957X,Mr.,Jon665,Schneider199,,,M,white,nonhispanic,M,Boston  Massachusetts  US,134 Moore Parade,Somerville,Massachusetts,Middlesex County,2144.0,42.40335523,-71.12151699,1431659.26,9344.51,3/6/1992,,39c03310-40da-47d5-a91c-d822cd31d783,239873007.0,"Osteoarthritis of knee, Body mass index 30+ - obesity (finding), Atrial Fibrillation, Coronary Heart Disease, Chronic obstructive bronchitis (disorder), Cough (finding), Sputum finding (finding), Fatigue (finding), Chill (finding), Fever (finding), Pneumonia (disorder), Hypoxemia (disorder), Respiratory distress (finding), Acute respiratory failure (disorder), Sepsis caused by virus (disorder)"
9d1d85aa-7f74-47ae-91ce-b277fc2b0019,6/18/1968,,999-63-5391,S99951819,X79546887X,Mr.,Ted955,Bauch723,,,M,asian,nonhispanic,M,Everett  Massachusetts  US,401 Price Neck,Cambridge,Massachusetts,Middlesex County,2472.0,42.34673827,-71.10745684,1133354.83,12924.54,8/12/1986,,1d43a96c-2029-4efa-81f3-dcbc80a418d9,59621000.0,"Hypertension, Prediabetes, Anemia (disorder)"
8fcee05d-bae4-437f-b307-34ce4dcec5c4,4/26/2016,,999-53-8853,,,,Lucile200,Okuneva707,,,,white,nonhispanic,F,Pittsfield  Massachusetts  US,472 Johnson Drive,Greenfield,Massachusetts,Franklin County,1301.0,42.64706081,-72.61829788,105454.26,2024.88,11/13/2019,11/27/2019,d41014ad-b7c4-4dc0-a7e8-aa7cc8caf1f0,444814009.0,"Viral sinusitis (disorder), Cough (finding), Dyspnea (finding), Wheezing (finding), Muscle pain (finding), Joint pain (finding), Fever (finding), Loss of taste (finding)"
6a95538a-f40a-42e5-9379-5f2e6b4ef4f9,5/3/2001,,999-26-9092,S99929915,,Mr.,Devin82,Lockman863,,,,asian,nonhispanic,M,Middleborough  Massachusetts  US,569 Abshire Key Unit 26,Braintree,Massachusetts,Norfolk County,2184.0,42.21828059,-70.98375223,414258.57,3217.2,3/8/2020,4/1/2020,ac047c82-f8b7-47c0-8d60-f8e8ccd78ab8,49727002.0,"Cough (finding), Nausea (finding), Vomiting symptom (finding), Muscle pain (finding), Joint pain (finding), Fever (finding), Loss of taste (finding)"
fca74b60-f9ff-4a80-bfc8-c15793dbcc8a,1/16/1946,,999-34-1691,S99952320,X63368320X,Mr.,Carlos172,Aragón562,,,S,white,hispanic,M,Mexico City  Mexico City  MX,183 Schaden Alley Suite 50,Boston,Massachusetts,Suffolk County,2128.0,42.36701365,-71.08311727,1440954.05,7269.04,11/10/1967,,21eb6bbb-0d94-4654-9c93-d6d6fd6d8129,40055000.0,"Chronic sinusitis (disorder), Body mass index 30+ - obesity (finding), Prediabetes, Anemia (disorder), Seizure disorder, History of single seizure (situation), Cough (finding), Fatigue (finding), Fever (finding), Loss of taste (finding), Pneumonia (disorder), Hypoxemia (disorder), Respiratory distress (finding), Acute respiratory failure (disorder), Acute deep venous thrombosis (disorder)"
227216f0-5b2a-4cf4-87cd-477900ab699c,8/3/1988,,999-79-9750,S99975235,X65332946X,Mr.,Melvin857,Harvey63,,,M,asian,nonhispanic,M,Brookline  Massachusetts  US,1070 Batz Underpass Unit 69,Boston,Massachusetts,Suffolk County,2152.0,42.36379605,-71.11848136,105504.74,41984.1,9/6/2002,,16729dff-153a-402c-bc30-4f8c2da6d5ea,124000000000000.0,"Chronic intractable migraine without aura, Impacted molars, Chronic pain, Diabetes, Hypertriglyceridemia (disorder), Metabolic syndrome X (disorder), Anemia (disorder), Drug overdose, Cough (finding), Fever (finding), Loss of taste (finding), Pneumonia (disorder), Hypoxemia (disorder), Respiratory distress (finding), Sepsis caused by virus (disorder), Acute pulmonary embolism (disorder)"
130e390c-8462-47be-9792-bf272e6ab05b,3/14/2009,,999-88-8070,,,,Anja508,Feeney44,,,,white,nonhispanic,F,Easton  Massachusetts  US,754 Blanda Forge Apt 18,Dracut,Massachusetts,Middlesex County,,42.6505712,-71.33568458,243740.2,3070.64,11/17/2019,12/17/2019,98b9e1b2-cc90-45d6-a4b5-4ac9400f388a,58150001.0,"Fracture of clavicle, Cough (finding), Fever (finding)"
8ed0f8d7-d0e8-4a33-8939-048027b0c257,3/17/2005,,999-20-7865,,,,Eldon28,Beahan375,,,,black,nonhispanic,M,Sharon  Massachusetts  US,789 Corkery Route Unit 99,Mattapoisett,Massachusetts,Plymouth County,,41.65995474,-70.85168139,349544.7,3223.12,11/27/2019,1/26/2020,61d49382-b135-4e31-aeb3-1be5578bad3a,263102004.0,Fracture subluxation of wrist
3fb9a63a-dae1-42ba-9255-f328acc3b4a7,12/1/1992,,999-81-7765,S99940954,X49044879X,Mr.,Brian582,Metz686,,,S,white,nonhispanic,M,Grafton  Massachusetts  US,462 Mosciski Park,Milton,Massachusetts,Norfolk County,2186.0,42.21135654,-71.04126745,731258.78,2719.8,5/28/2019,6/25/2019,12fc0329-e7ca-432c-a937-e36a586da45a,39848009.0,Whiplash injury to neck
d58f1923-fe0a-404d-81bc-f19b586549c2,7/15/2018,,999-95-5628,,,,Tommy814,Crooks415,,,,white,nonhispanic,F,Springfield  Massachusetts  US,860 Friesen Hollow,Westport,Massachusetts,Bristol County,,41.56016038,-71.11930393,46134.06,1161.6,5/11/2019,6/8/2019,c2648f34-1952-48ab-b6ef-51baa0569cc3,44465007.0,"Sprain of ankle, Headache (finding), Dyspnea (finding), Wheezing (finding), Fever (finding), Loss of taste (finding)"
f45956f3-199d-4c68-9322-3f389f0c8c71,1/28/1940,,999-77-9651,S99991009,X74251994X,Mr.,Eusebio566,Rice937,,,M,white,hispanic,M,Dudley  Massachusetts  US,828 Jaskolski Forge Suite 96,Attleboro,Massachusetts,Bristol County,,41.94996953,-71.31936287,1613620.26,8220.92,4/7/1968,,d43540fb-660c-4b8d-b932-84e4c0d91455,162864005.0,"Body mass index 30+ - obesity (finding), Prediabetes, Anemia (disorder), Polyp of colon, Recurrent rectal polyp, Localized  primary osteoarthritis of the hand, Chronic sinusitis (disorder), Cough (finding), Fever (finding), Loss of taste (finding)"
39c370aa-6c15-4e17-af56-e75238a0e8b3,2/3/1994,,999-97-9683,S99927672,X18185340X,Ms.,Alicia629,Rojo930,,,,white,hispanic,F,Wesley  Saint Andrew Parish  DM,651 Reynolds Alley Unit 64,Boston,Massachusetts,Suffolk County,2203.0,42.40748402,-71.05218906,93315.77,25100.56,1/31/2005,,967508e9-87b5-485c-a62f-d5a1df50f8af,128613002.0,"Seizure disorder, History of single seizure (situation), Impacted molars, Chronic pain, Chronic intractable migraine without aura, Major depression disorder, Normal pregnancy, Drug overdose, Normal pregnancy, Anemia (disorder), Cough (finding), Sore throat symptom (finding), Fatigue (finding)"
44d7220a-b283-4303-b9c3-f9a0f33e5edf,3/18/1931,4/8/1992,999-79-3407,S99997713,X63000038X,Mrs.,Mabel261,Ruecker817,,Hackett68,M,white,nonhispanic,F,Easton  Massachusetts  US,272 Shanahan Fork,Worcester,Massachusetts,Worcester County,1609.0,42.23131013,-71.89721414,195304.32,17927.79,5/23/1956,,88185d26-dad2-4764-b57d-d1015148539a,162864005.0,"Body mass index 30+ - obesity (finding), Miscarriage in first trimester, Impacted molars, Chronic intractable migraine without aura, Chronic congestive heart failure (disorder), Osteoporosis (disorder), Drug overdose"
103b6173-9cfa-4c8f-835b-be37fe2d9ede,6/15/1977,,999-19-4008,S99916415,X78057652X,Mrs.,Antonio44,Herzog843,,Dietrich576,M,black,nonhispanic,F,Boston  Massachusetts  US,720 Gutkowski Lane Unit 79,Boston,Massachusetts,Suffolk County,,42.31846568,-71.1219628,857549.65,12240.84,7/2/2003,,febb3a50-8219-46bb-b2ed-aefe1c6f8440,19169002.0,"Miscarriage in first trimester, Diabetes, Hypertension, Hypertriglyceridemia (disorder), Metabolic syndrome X (disorder), Hyperglycemia (disorder), Prediabetes, Normal pregnancy, Laceration of foot, Cough (finding), Sputum finding (finding)"
